{"cameraMode":{"drawMode":0,"name":"Shaded","section":"Shading Mode"},"sceneLighting":true,"audioPlay":false,"sceneViewState":{"showFog":true,"showMaterialUpdate":false,"showSkybox":true,"showFlares":true,"showImageEffects":true,"showParticleSystems":true},"in2DMode":false,"pivot":{"x":-1.5294952392578126,"y":-2.5721988677978517,"z":18.460609436035158},"rotation":{"x":0.10480698943138123,"y":-0.004474767483770847,"z":0.00047128231381066144,"w":0.9944877624511719},"size":28.273834228515626,"orthographic":false}